Accuracy,Precision,Recall,F1 Score,ROC AUC
0.8562,0.8833172613307618,0.4102104791759964,0.5602446483180428,0.8279246869369536
