Accuracy,Precision,Recall,F1 Score,ROC AUC
0.8583,0.8258785942492013,0.4630541871921182,0.5934002869440459,0.8421049566612359
